Month,scores
1,11.398054
2,16.474466
3,10.039118
4,8.766224
5,22.397347
6,35.561501
7,14.352382
8,20.519018
9,8.000101
10,6.810736
11,7.543881
12,12.733123
