left,avg
0,199.060203010151
1,207.419210305237
