sales,ratio
accounting,0.265971316818774
hr,0.290933694181326
IT,0.222493887530562
management,0.144444444444444
marketing,0.236596736596737
product_mng,0.219512195121951
RandD,0.153748411689962
sales,0.244927536231884
support,0.248990578734859
technical,0.25625
