reordered,proportion
0,0.401405587249037
1,0.598594412750963
