reordered,count,proportion
0,555793,0.401405587249037
1,828824,0.598594412750963
