Wine,Score
Bordeaux.style.Red.Blend,89.4668572206343
Cabernet.Sauvignon,88.2558867564993
Chardonnay,87.8634816932081
Pinot.Noir,88.9948278208793
Red.Blend,88.1239961889206
