neighbourhood_group,n
Bronx,0.0223131199509152
Brooklyn,0.411166785969936
Manhattan,0.443010532774312
Queens,0.115880969424277
Staten Island,0.00762859188056038
