room_type,n
Entire home/apt,0.519664587381123
Private room,0.456611105430003
Shared room,0.0237243071888741
