state,n
Montana,2
District of Columbia,1.11111111111111
Tennessee,1.04225352112676
Mississippi,1
Ohio,0.976744186046512
Maryland,0.961538461538462
California,0.924137931034483
Illinois,0.91156462585034
Nevada,0.875
Wisconsin,0.861111111111111
Missouri,0.848484848484849
Delaware,0.833333333333333
Iowa,0.823529411764706
Texas,0.808333333333333
