Nationality,n
United Arab Emirates,77
Central African Rep.,73.3333333333333
Israel,72.1428571428571
Dominican Republic,72
Oman,72
São Tomé & Príncipe,72
Cape Verde,71.6315789473684
Portugal,71.3447204968944
Togo,71.3333333333333
Brazil,71.2515114873035
