equipment,n
320,13.5672376335664
738,10.5286493356783
319,5.05446107917178
737,3.26766475030667
73H,3.01937543413683
CRJ,1.82965579415633
AT7,1.76462763992138
73W,1.70698904866766
321,1.69368783530142
E90,1.55033031346526
