Content.Rating,mean
,19
Adults only 18+,4.3
Everyone,4.18637466307278
Everyone 10+,4.25717884130982
Mature 17+,4.1234273318872
Teen,4.23348708487085
Unrated,4.1
