Type,mean
0,19
Free,4.18620254616355
Paid,4.26661514683153
