year,mean
2015,1.37559038290294
2016,1.3386396011396
2017,1.51512757777001
2018,1.34753086419753
