col1,col2
bar1,9.126321077346802
bar2,5.606698989868164
bar3,8.936092257499695
bar4,32.52307653427124
bar5,18.618178367614746
