col0,col1
bar0,97.4466235935688
bar1,169.5563444495201
bar2,409.98260855674744
