col0,col1
bar0,243.34438115358353
bar1,65.20196914672852
bar2,79.95047405362129
bar3,10.975675508379936
bar4,19.943423867225647