col1,col2
bar1,151.75879925489426
bar2,92.47562356293201
bar3,126.87563017010689
bar4,672.6254573464394
bar5,276.6774733364582