col0,col1
bar0,300.2459987998009
bar1,953.9294712245464
bar2,1155.1179841160774
bar3,2973.318023979664
bar4,0.0
bar5,626.6457237303257
bar6,568.6402391642332
bar7,1520.7984611392021
bar8,114.72702221944928
bar9,471.91435620188713
