col0,col1
bar0,1165.7557159662247
bar1,905.0013834238052