col0,col1
bar0,4528.912940919399
bar1,872.2283886373043
bar2,1247.5299587845802
bar3,691.4661441743374
bar4,1463.844969570636
bar5,323.54655995965004