col1,col2
bar2,197.94173538684845
bar1,198.08778166770935