col0,col1
bar0,56651.1449098587
bar1,24106.166970729828
bar2,21782.955253124237
bar3,29434.63743329048
bar4,28304.813385009766
bar5,36186.318039894104
bar6,20307.09637403488
bar7,22899.29159283638
bar8,27592.214089632034
bar9,39251.2321472168
