col0,col1
bar0,0.4255111515522003
bar1,0.5021544098854065
