col1,col2
bar1,37715.62644839287
bar2,27160.110980272293
bar3,24918.747156858444
bar4,22323.050916194916
bar5,15208.734646439552
bar6,19213.336944580078
bar7,19369.379550218582
bar8,18271.199628710747
bar9,15136.493638157845
bar10,9278.530843555927