col0,col1
bar0,6615.054500699043
bar1,3517.398053109646
bar2,3593.4695449471474
bar3,3506.088489294052
bar4,2811.169046461582
bar5,3465.1987156271935
bar6,3264.5097255706787
bar7,2841.123169064522
bar8,2137.9750518500805
bar9,1502.3645762354136