col0,col1
bar1,56.258589029312134
bar2,42.60609447956085
