col1,col2
bar1,94.3041118979454
bar2,89.2198297381401
bar3,96.01743698120117
bar4,87.96747893095016
bar5,83.26175212860107
bar6,88.02333652973175
bar7,84.16377454996109
bar8,87.53054350614548
bar9,93.85393351316452
bar10,71.09340488910675