col1,col2
bar1,4773.2246530056
bar2,3494.431666135788
bar3,2442.8855180740356
bar4,2727.2040963172913
bar5,1893.0596554279327
bar6,2135.509080886841
bar7,1665.9064120054245
bar8,1266.3844752311707
bar9,733.1301274895668
bar10,0