col1,col2
bar1,525.9391739964485
bar2,472.61741787195206
bar3,328.4060814976692
bar4,282.5048077106476
bar5,229.83462899923325
bar6,226.99419409036636
bar7,205.18508523702621
bar8,178.65931868553162
bar9,180.14871820807457
bar10,137.49381974339485