col0,col1
bar0,1526.768334209919
bar1,55993.146896362305
bar2,102619.04150247574
bar3,152207.90767669678
bar4,190553.37071418762
bar5,61574.29653406143
