col0,col1
bar0,0.0
bar1,52693.199783563614
bar2,114540.13675451279
bar3,159374.10628795624
bar4,169430.53722381592
bar5,46358.93157124519