col0,col1
bar0,894.7374820709229
bar0,65532.683968544006
bar0,108081.58481121063
bar0,145968.6272740364
bar0,189905.19845485687
bar0,45966.351076960564