col0,col1
bar0,894.7374820709229
bar1,65532.683968544006
bar2,105871.58691883087
bar3,145968.6272740364
bar4,189905.19845485687
bar5,45966.351076960564
