col0,col1
bar0,11115.836128592491
bar1,68579.95375990868
bar2,119881.55776262283
bar3,142285.94291210175
bar4,175902.52524614334
bar5,47977.03395783901
