col0,col1
bar1,894.7374820709229
bar2,65532.683968544006
bar3,108081.58481121063
bar4,145968.6272740364
bar5,189905.19845485687
bar6,45966.351076960564