col0,col1
bar0,0.0
bar1,65550.71729421616
bar2,100900.24426579475
bar3,153984.88181829453
bar4,163653.86629104614
bar5,33582.60025084019