col0,col1
bar0,72.25894689559937
bar1,62.538194954395294