col1,col2
bar1,180.06931990385056
bar2,118.82014006376266
bar3,171.59847646951675
bar4,129.9075436592102
bar5,170.3291854262352
bar6,117.68438458442688

