Type.1,n
bar1,112.9448252916336
bar2,117.69472628831863
bar3,82.54360765218735
bar4,78.55944752693176
bar5,56.96975529193878