col0,col1
bar0,0.018659647554159164
bar1,0.4035572111606598
bar2,0.47809699177742004
bar3,0.054947130382061005
bar4,0.0