col0,col1
bar0,0.4977721869945526
bar1,0.48859903216362
bar2,0.1274624913930893