col1,col2
bar1,73.7755224108696
bar2,97.70580977201462
bar3,158.84183645248413
bar4,73.39282110333443
bar5,77.32428833842278
