col1,col2
bar1,351.1236262321472
bar2,255.20929098129272
bar3,126.52522802352905
bar4,105.35099029541016
bar5,108.24180006980896
bar6,102.85353183746338
bar7,115.40707468986511
bar8,85.501189827919
bar9,76.60782158374786
bar10,44.491359293460846
bar11,20.013558715581894
