col0,col1
bar0,23.412643522024155
bar1,480.7709985971451
bar2,557.1262937784195
bar3,545.8723258972168
bar4,597.8965079784393
bar5,85.35867854952812