col0,col1
bar0,682.0249119400978
bar1,535.1036900281906
bar2,561.7201432585716
bar3,460.88721334934235
bar4,391.2912279367447
bar5,401.24923914670944
bar6,348.4272211790085
bar7,314.6280612051487
bar8,281.90286710858345
bar9,155.38037069141865