col01,col1
bar1,335.9965616464615
bar2,330.72317510843277
bar3,286.32824271917343
bar4,304.77092921733856
bar5,250.99954277276993
bar6,313.0319947004318
bar7,355.0