col1,col2
bar1,184.45156529545784
bar2,307.19002962112427
bar3,612.675698697567
bar4,427.8050172328949
bar5,118.31980101764202
