col1,col2
bar1,1506.6923528909683
bar2,2423.6870819330215
