col0,col1
bar1,325.0459557771683
bar2,312.26878702640533
bar3,243.95443856716156
bar4,276.51324927806854
bar5,272.87132918834686
bar6,329.7408330440521
bar7,361.2747257947922