gender,n
bar1,1332.0345640182495
bar2,463.2349964976311
bar3,573.6919462680817
