col0,col1
bar1,2128.502480685711
bar2,9725.0
bar3,8206.710951030254
bar4,1431.7847892642021
bar5,377.2894352674484
