col0,col1
bar0,25.765031576156616
bar1,202.3981511592865
bar2,225.0
bar3,190.54744094610214
bar4,32.51824714243412
bar5,47.65227288007736
bar6,172.4763259291649
bar7,150.70601552724838