col1,col2
bar1,78.23038578033447
bar2,73.07365894317627
bar3,76.40976428985596
bar4,76.44252300262451
bar5,73.86775493621826
bar6,70.35647869110107
bar7,77.61462688446045
bar8,78.20187568664551
bar9,80.0
bar10,71.17013454437256