col0,col1
bar0,13.121021389961243
bar1,10.666827857494354
bar2,5.37656843662262
bar3,5.281989276409149
bar4,2.997179701924324
bar5,1.8150950968265533
bar6,2.74863101541996
bar7,2.0632175356149673
bar8,1.975831389427185
bar9,0.5699992552399635