col0,col1
bar1,20.0
bar2,6.170792579650879
bar3,4.382709562778473
bar4,6.107930541038513
bar5,4.325893819332123
bar6,4.710041582584381
bar7,3.113148808479309
