col0,col1
bar1,19.95928645133972
bar2,4.4236791133880615
bar3,5.6976693868637085
