col0,col1
bar0,1.328894019126892
bar1,1.250503420829773
bar2,1.6620771884918213
bar3,1.0863434076309204