col1,col2
bar1,4423715662.956238
bar2,4203753197.1931458
bar3,5659372651.576996
bar4,1333423709.8693848
