col0,col1
bar1,262489129.00686264
bar2,1134875252.8429031
bar3,339241713.8814926
