col0,col1
bar0,256.7001485824585
bar1,154.18821215629578