col0,col1
Bar0,11.360881322236073
Bar1,16.45801041210365
Bar2,10.039403410048186
Bar3,8.812316777302287
Bar4,22.404661016949152
Bar5,35.43065757994406
Bar6,14.381402264379822
Bar7,20.51683542810931
Bar8,8.05718654176635
Bar9,6.830099909020452
Bar10,7.58523014455639
Bar11,12.776750513865958
