col0,col1
Bar0,79.68825389820535
Bar1,96.53776846131214
Bar2,370.810422182995