col0,col1
Bar0,232.16391380441914
Bar1,63.975880551301685
Bar2,38.984084445416755
Bar3,2.4926848610807366
Bar4,0.48320936337781134