col0,col1
Bar0,114.75082
Bar1,71.83889
Bar2,112.96283
Bar3,665.45391
Bar4,261.36658
