col0,col1
Bar0,6.93269
Bar1,4.95630
Bar2,6.93269
Bar3,35.03176
Bar4,15.95533
