col0,col1
Bar0,577.53823
Bar1,1190.78828
Bar2,844.48237
Bar3,2915.10313
Bar4,65.29407
Bar5,476.53234
Bar6,527.03529
Bar7,1666.95891
Bar8,173.51467
Bar9,721.83236
