col0,col1
Bar0,1138.4568894185645
Bar1,897.7011343427357