col0,col1
Bar0,4204.930501605751
Bar1,811.1462073711576
Bar2,1697.3569429576387
Bar3,811.1462073711576
Bar4,2059.8976984248357
Bar5,418.3937222816945