col0,col1
Bar0,199.29273
Bar1,207.75212
