col0,col1
Bar0,0.264580424507154
Bar1,0.290096967989035
Bar2,0.22205285203735248
Bar3,0.14337684296821954
Bar4,0.23481112377829294
Bar5,0.2178000947903723
Bar6,0.15188235746217987
Bar7,0.24331663827225328
Bar8,0.2475693955192334
Bar9,0.25607491001319377