col0,col1
Bar0,1166.2022686298076
Bar1,83.51867487980748
Bar2,5145.796018629808
Bar3,2175.7315655048073
Bar4,5131.165159254809
Bar5,1327.1417217548076