col0,col1
Bar0,55555.054790917864
Bar1,15337.854825984046
Bar2,25248.52196019988
Bar3,31568.367668975192
Bar4,30562.93766985185
Bar5,33579.22766722188
Bar6,13039.729113702113
Bar7,20652.270535636017
Bar8,25248.52196019988
Bar9,41622.667660208645
