col0,col1
Bar0,0.40376972919089543
Bar1,0.6009619538129256