col0,col1
Bar0,37113.65546
Bar1,25820.82763
Bar2,23484.38050
Bar3,18714.13426
Bar4,18032.67051
Bar5,16475.03909
Bar6,15696.22337
Bar7,15306.81552
Bar8,12970.36838
Bar9,11218.03303
