col0,col1
Bar0,6300.308408664911
Bar1,3278.43254561416
Bar2,3230.9685268227863
Bar3,2993.6484328659217
Bar4,2946.1844140745484
Bar5,2740.506999311932
Bar6,2645.5789617291857
Bar7,2439.901546966569
Bar8,1901.9760006643412
Bar9,1854.5119818729684