col0,col1
Bar0,563.4800533880824
Bar1,563.4800533880824
Bar2,816.0798072698582
Bar3,1085.5195447437522
Bar4,1573.8790689151854
Bar5,2011.7186423102635
Bar6,2820.037854731946
Bar7,5009.235721707336
Bar8,6693.234080919174
Bar9,5935.434819273847
Bar10,2331.6783305605127