col0,col1
Bar0,52.63650
Bar1,47.24699
