col0,col1
Bar0,93.69166
Bar1,91.79618
Bar2,88.81757
Bar3,87.73444
Bar4,79.61097
Bar5,77.71549
Bar6,77.71549
Bar7,76.63236
Bar8,74.73688
Bar9,72.57062
