col0,col1
Bar0,4729.62903
Bar1,2960.23733
Bar2,2171.47235
Bar3,2150.15438
Bar4,1979.61060
Bar5,1894.33871
Bar6,1212.16359
Bar7,1030.96083
Bar8,732.50922
Bar9,391.42166
