col0,col1
Bar0,541.05182
Bar1,13526.29551
Bar2,4415.68099
Bar3,1239.18320
Bar4,366.51898
Bar5,157.07956
Bar6,87.26642
Bar7,52.35985
Bar8,52.35985
Bar9,52.35985
