col0,col1
Bar0,522.80276
Bar1,486.30905
Bar2,259.52671
Bar3,246.49325
Bar4,228.24639
Bar5,196.96607
Bar6,193.05603
Bar7,163.07905
Bar8,159.16901
Bar9,155.25897
