col0,col1
Bar0,2345.17894
Bar1,72255.90256
Bar2,108303.61943
Bar3,153090.17675
Bar4,168929.32507
Bar5,50954.97896
