col0,col1
Bar0,89.63023758099352
Bar1,88.35161987041037
Bar2,87.92541396688266
Bar3,89.2040316774658
Bar4,88.34342360303484