col0,col1
Bar0,2887.9238311780587
Bar1,1969.9524362821724
Bar2,1628.9916324637004
Bar3,2448.6089493350273
Bar4,1635.5485709986713