col0,col1
Bar0,81.23508771929824
Bar1,73.8495126705653