col0,col1
Bar0,166.22970
Bar1,106.15672
Bar2,160.26218
Bar3,121.27442
Bar4,165.03619
Bar5,82.28666
