col0,col1
Bar0,111.75735
Bar1,97.64853
Bar2,69.77500
Bar3,68.74265
Bar4,57.04265
