col0,col1
Bar0,0.017209225616563472
Bar1,0.4091583781589364
Bar2,0.43966939003349237
Bar3,0.11108926215365877
Bar4,0.0031272201359991746