col0,col1
Bar0,0.5158267367444945
Bar1,0.4532169581123659
Bar2,0.01745289883275066