col0,col1
Bar0,64.45337
Bar1,89.52903
Bar2,149.54620
Bar3,74.31920
Bar4,74.31920
