col0,col1
Bar0,326.88001
Bar1,230.90241
Bar2,119.05449
Bar3,100.91698
Bar4,94.11542
Bar5,94.11542
Bar6,88.82532
Bar7,85.04667
Bar8,63.13052
Bar9,49.52740
Bar10,49.52740
