col0,col1
Bar0,2.04663
Bar1,416.03171
Bar2,443.03074
Bar3,507.31414
Bar4,509.88548
Bar5,120.32808
