col0,col1
Bar0,655.7454922046853
Bar1,501.2624235320564
Bar2,494.54576837237687
Bar3,395.4751047671039
Bar4,390.4376133973443
Bar5,345.10019106950756
Bar6,296.4044411618311
Bar7,264.5003291533534
Bar8,229.2378895650359
Bar9,158.71301038840096
