col0,col1
Bar0,2.001441146685363
Bar1,1.1091765988938227
Bar2,1.0380540624756562
Bar3,0.9992599517021115
Bar4,0.9733972111864144
Bar5,0.960465840928566
Bar6,0.9216717301550208
Bar7,0.9087403598971725
Bar8,0.8699462491236272
Bar9,0.8570148788657788
Bar10,0.8440835086079304
Bar11,0.831152138350082
Bar12,0.8182207680922334
Bar13,0.8052893978343851