col0,col1
Bar0,306.01761
Bar1,283.90111
Bar2,293.73067
Bar3,287.99676
Bar4,247.85940
Bar5,261.78460
Bar6,318.30456
