col0,col1
Bar0,169.14049
Bar1,280.88322
Bar2,570.88220
Bar3,396.61676
Bar4,46.75560
