col1,col2
Bar0,1571.84158
Bar1,2428.31873
