col0,col1
Bar0,-0.27398635086315276
Bar1,3.1824568446406616
Bar2,13.551786431152104
Bar3,29.10578081091927
Bar4,20.464672822159734
Bar5,8.367121637896384
Bar6,27.37755921316736
Bar7,44.65977519068643
Bar8,70.58309915696503
Bar9,125.88619028502606
Bar10,281.42613408269773
Bar11,502.6384985949418
Bar12,684.1017663588921
Bar13,148.35307105580085
