col0,col1
Bar0,301.95111
Bar1,276.90019
Bar2,248.13804
Bar3,267.62208
Bar4,273.18895
Bar5,280.61144
Bar6,348.34168
