registered_via,n
Bar0,-1.0208143248175658
Bar1,469.0249201642335
Bar2,855.3638800182481
Bar3,-1.0208143248175658
Bar4,217.90459625912405
Bar5,423.9520415145984
Bar6,3.271840784671485
Bar7,-1.0208143248175658
Bar8,-1.0208143248175658
Bar9,-1.0208143248175658
