col0,col1
Bar0,1316.92003
Bar1,354.01076
Bar2,329.23001
