col0,col1
Bar0,2015.11829
Bar1,8505.75561
Bar2,6552.46037
Bar3,916.38972
Bar4,61.82305
