col0,col1
Bar0,19.67696757245053
Bar1,1001.4833967298977
Bar2,681.8254895623568
Bar3,3193.4233315930355
Bar4,407.83299770446445
Bar5,-3.155740082373823
Bar6,430.6657053592889
Bar7,1686.4646263746286
Bar8,841.6544431461273
Bar9,9906.239382111395
