col0,col1
Bar0,28.172731458077553
Bar1,188.49559020004332
Bar2,206.70260254928866
Bar3,182.42658608362822
Bar4,21.09222665559326
Bar5,29.184232144146737
Bar6,180.40358471148986
Bar7,155.11606755976024
