col0,col1
Bar0,76.82634
Bar1,73.23919
Bar2,72.09782
Bar3,71.93477
Bar4,71.93477
Bar5,71.93477
Bar6,71.44561
Bar7,71.28256
Bar8,71.28256
Bar9,71.11951
