col0,col1
Bar0,13.63608
Bar1,10.56765
Bar2,5.02354
Bar3,3.24524
Bar4,2.96629
Bar5,1.78076
Bar6,1.71102
Bar7,1.64128
Bar8,1.64128
Bar9,1.50181
