col0,col1
Bar0,19.02509
Bar1,4.29107
Bar2,4.20759
Bar3,4.24933
Bar4,4.12412
Bar5,4.24933
Bar6,4.12412
