col0,col1
Bar0,8672.335768281198
Bar1,413.1079946040874
Bar2,504.370179948586
Bar3,1211.652116368449