col0,col1
Bar0,10050.792549838849
Bar1,775.3584295980685