col0,col1
Bar0,19.02998
Bar1,4.12957
Bar2,4.17658
