col0,col1
bar0,1.3749098198762906
bar1,1.3368567643962959
bar2,1.5144376899696048
bar3,1.345312998947406