col0,col1
Bar0,4394890420.31415
Bar1,4830241509.90253
Bar2,4935326255.66524
Bar3,1362444899.73304
