col0,col1
Bar0,335891801.9531007
Bar1,1104838122.7841017
Bar2,20426644.689100333
