col0,col1
Bar0,232.74576954069298
Bar1,108.29774375503627